{
	"info": {
		"_postman_id": "d8dec416-4d40-4454-87d9-24c6256f38cb",
		"name": "SplitApp Backend Collection",
		"schema": "https://schema.getpostman.com/json/collection/v2.1.0/collection.json",
		"_exporter_id": "45952983",
		"_collection_link": "https://soham-117513.postman.co/workspace/SOHAM's-Workspace~1419f56d-8bca-42b6-8df3-fa9b5ec53acd/collection/45952983-d8dec416-4d40-4454-87d9-24c6256f38cb?action=share&source=collection_link&creator=45952983"
	},
	"item": [
		{
			"name": "Add Expense",
			"request": {
				"method": "POST",
				"header": [],
				"body": {
					"mode": "raw",
					"raw": "{\r\n  \"amount\": 600,\r\n  \"description\": \"Lunch\",\r\n  \"paid_by\": \"Shantanu\",\r\n  \"participants\": [\"Shantanu\", \"Sanket\", \"Om\"]\r\n}\r\n",
					"options": {
						"raw": {
							"language": "json"
						}
					}
				},
				"url": {
					"raw": "http://127.0.0.1:8000/expenses",
					"protocol": "http",
					"host": [
						"127",
						"0",
						"0",
						"1"
					],
					"port": "8000",
					"path": [
						"expenses"
					]
				}
			},
			"response": []
		},
		{
			"name": "Get Balances",
			"request": {
				"method": "GET",
				"header": [],
				"url": {
					"raw": "http://127.0.0.1:8000/balances",
					"protocol": "http",
					"host": [
						"127",
						"0",
						"0",
						"1"
					],
					"port": "8000",
					"path": [
						"balances"
					]
				}
			},
			"response": []
		},
		{
			"name": "GET Expenses",
			"protocolProfileBehavior": {
				"disableBodyPruning": true
			},
			"request": {
				"method": "GET",
				"header": [],
				"body": {
					"mode": "raw",
					"raw": "",
					"options": {
						"raw": {
							"language": "json"
						}
					}
				},
				"url": {
					"raw": "http://127.0.0.1:8000/expenses",
					"protocol": "http",
					"host": [
						"127",
						"0",
						"0",
						"1"
					],
					"port": "8000",
					"path": [
						"expenses"
					]
				}
			},
			"response": []
		},
		{
			"name": "DELETE /expenses/_id",
			"request": {
				"method": "DELETE",
				"header": [],
				"url": {
					"raw": "http://127.0.0.1:8000/expenses/685110af4e647a077e6c4fae",
					"protocol": "http",
					"host": [
						"127",
						"0",
						"0",
						"1"
					],
					"port": "8000",
					"path": [
						"expenses",
						"685110af4e647a077e6c4fae"
					]
				}
			},
			"response": []
		},
		{
			"name": "GET /people",
			"request": {
				"method": "GET",
				"header": [],
				"url": {
					"raw": "http://127.0.0.1:8000/people",
					"protocol": "http",
					"host": [
						"127",
						"0",
						"0",
						"1"
					],
					"port": "8000",
					"path": [
						"people"
					]
				}
			},
			"response": []
		},
		{
			"name": "GET /settlements",
			"request": {
				"method": "GET",
				"header": [],
				"url": {
					"raw": "http://127.0.0.1:8000/settlements",
					"protocol": "http",
					"host": [
						"127",
						"0",
						"0",
						"1"
					],
					"port": "8000",
					"path": [
						"settlements"
					]
				}
			},
			"response": []
		},
		{
			"name": "GET /balances",
			"request": {
				"method": "GET",
				"header": [],
				"url": {
					"raw": "http://127.0.0.1:8000/balances",
					"protocol": "http",
					"host": [
						"127",
						"0",
						"0",
						"1"
					],
					"port": "8000",
					"path": [
						"balances"
					]
				}
			},
			"response": []
		},
		{
			"name": "POST /expenses",
			"request": {
				"method": "POST",
				"header": [],
				"url": {
					"raw": "http://127.0.0.1:8000/expenses",
					"protocol": "http",
					"host": [
						"127",
						"0",
						"0",
						"1"
					],
					"port": "8000",
					"path": [
						"expenses"
					]
				}
			},
			"response": []
		}
	]
}